{"cameraMode":{"drawMode":0,"name":"Shaded","section":"Shading Mode"},"sceneLighting":true,"audioPlay":false,"sceneViewState":{"m_AlwaysRefresh":false,"showFog":true,"showSkybox":true,"showFlares":true,"showImageEffects":true,"showParticleSystems":true,"showVisualEffectGraphs":true,"m_FxEnabled":true},"in2DMode":false,"pivot":{"x":0.7357054352760315,"y":-8.971844673156739,"z":10.79059886932373},"rotation":{"x":0.2640856206417084,"y":0.019106915220618249,"z":-0.005235165823251009,"w":0.9643071889877319},"size":12.12435531616211,"orthographic":false}